[{
  "version": "1.0",
  "image": {
    "name": "/home/videosdownloader/public_html/image/public/uploadt/Desktop Confetti Blown Up 1(2).gif",
    "baseName": "Desktop Confetti Blown Up 1(2).gif",
    "format": "GIF",
    "formatDescription": "GIF",
    "mimeType": "image/gif",
    "class": "PseudoClass",
    "geometry": {
      "width": 1190,
      "height": 675,
      "x": 0,
      "y": 0
    },
    "units": "Undefined",
    "type": "PaletteAlpha",
    "baseType": "Undefined",
    "endianness": "Undefined",
    "colorspace": "sRGB",
    "depth": 8,
    "baseDepth": 8,
    "channelDepth": {
      "alpha": 1,
      "red": 8,
      "green": 8,
      "blue": 1
    },
    "pixels": 3213000,
    "imageStatistics": {
      "Overall": {
        "min": 0,
        "max": 113,
        "mean": 73.5,
        "median": 73.5,
        "standardDeviation": 0,
        "kurtosis": -0.942282,
        "skewness": -0.856419,
        "entropy": 0
      }
    },
    "channelStatistics": {
      "alpha": {
        "min": 0,
        "max": 0,
        "mean": 0,
        "median": 0,
        "standardDeviation": 0,
        "kurtosis": -3,
        "skewness": 0,
        "entropy": 0
      },
      "red": {
        "min": 76,
        "max": 76,
        "mean": 76,
        "median": 76,
        "standardDeviation": 0,
        "kurtosis": -1.60064e+54,
        "skewness": 1.79668e+37,
        "entropy": 0
      },
      "green": {
        "min": 105,
        "max": 105,
        "mean": 105,
        "median": 105,
        "standardDeviation": 0,
        "kurtosis": -3.19992e+55,
        "skewness": 2.13984e+38,
        "entropy": 0
      },
      "blue": {
        "min": 113,
        "max": 113,
        "mean": 113,
        "median": 113,
        "standardDeviation": 0,
        "kurtosis": -6.11072e+53,
        "skewness": 2.325e+37,
        "entropy": 0
      }
    },
    "alpha": "#4C697100",
    "colormapEntries": 256,
    "colormap": [
      "#4C697100","#D86DFFFF","#E9D78AFF","#AAFF55FF","#FDD969FF",
      "#FF6E6EFF","#C96DFFFF","#FFE287FF","#CBFD60FF","#FEDC80FF",
      "#F97174FF","#FFDC6FFF","#6ED7FFFF","#0D9AFDFF","#68B8C6FF",
      "#FFDD6FFF","#FF9191FF","#8CE5CAFF","#FFD96EFF","#B7A5B1FF",
      "#C470FFFF","#FDDF64FF","#C994DAFF","#72C6FBFF","#FFE687FF",
      "#FFD773FF","#40BFFFFF","#FF6D6DFF","#E8CE71FF","#FFDD85FF",
      "#D3E966FF","#73E8F7FF","#E6EB6CFF","#CA71FFFF","#8BBBFEFF",
      "#FFD873FF","#CFC79CFF","#FFDE85FF","#DD99CAFF","#CD79FBFF",
      "#FF8282FF","#A3EFAAFF","#CA72FFFF","#FFE681FF","#6FDBFFFF",
      "#BAF37EFF","#C6D350FF","#C773FFFF","#CA73FFFF","#D0FF5FFF",
      "#02A8FFFF","#FFD556FF","#A3DDCDFF","#FDC184FF","#FFDA73FF",
      "#FFE085FF","#D097A2FF","#DDF167FF","#018FFFFF","#FFDE8AFF",
      "#D2FB85FF","#71DDFFFF","#73DDFFFF","#FF7373FF","#FFC674FF",
      "#CCFF59FF","#CA75FFFF","#D5DC73FF","#D18DDDFF","#FF8181FF",
      "#73DEFFFF","#55AAFFFF","#FE7473FF","#FF7473FF","#CD71FEFF",
      "#FFD872FF","#BDFF48FF","#71DFFFFF","#A9FF53FF","#FBDC89FF",
      "#DA74E8FF","#E8DF68FF","#7986BFFF","#E4878DFF","#BEE152FF",
      "#C4FF5EFF","#FFDD89FF","#E878A0FF","#FB9A75FF","#0193FFFF",
      "#FF7272FF","#80D3FCFF","#FF7979FF","#ABA772FF","#FBEA86FF",
      "#AF93FFFF","#FFCD6FFF","#E1EA6AFF","#FF8080FF","#FF7372FF",
      "#FFD771FF","#EE8A82FF","#0095FFFF","#C8EF5AFF","#71E3FFFF",
      "#FFD871FF","#FFCB63FF","#FCED7BFF","#0096FFFF","#8ADCE7FF",
      "#D0B8ADFF","#FF6A6AFF","#FFD971FF","#EC8085FF","#CBF761FF",
      "#FF7171FF","#C0EC59FF","#BD7CFFFF","#FDB875FF","#A3E1B0FF",
      "#0097FFFF","#CAF360FF","#64CBFFFF","#FE8976FF","#FFDD88FF",
      "#FF7F7FFF","#AEF292FF","#FFBF60FF","#CDFD62FF","#92CEDEFF",
      "#F1E26DFF","#0098FFFF","#7EE0EDFF","#FFDE88FF","#CCFE62FF",
      "#CDFE62FF","#CEFE62FF","#0099FFFF","#D6FF57FF","#FFDF88FF",
      "#019AFFFF","#C8E088FF","#FF7070FF","#EDA4B3FF","#408CE0FF",
      "#8080FFFF","#CE7FEEFF","#EAB16DFF","#FC7376FF","#CDFC61FF",
      "#FFAA55FF","#F8D97BFF","#FFDB81FF","#D9DB65FF","#947882FF",
      "#FFA876FF","#FFD374FF","#FD6768FF","#FFD986FF","#CDFE61FF",
      "#FF8785FF","#C6FF56FF","#35B4F3FF","#D5D99CFF","#CDFA60FF",
      "#B87D99FF","#9BBCC8FF","#F37A82FF","#CBFF61FF","#CCFF61FF",
      "#F69371FF","#CE6AFFFF","#E7AEA9FF","#FFE28DFF","#61D3FFFF",
      "#C7A6C3FF","#C96BFFFF","#24A9F0FF","#C785EEFF","#000000FF",
      "#FFE371FF","#FFD774FF","#C8D29AFF","#FFCE67FF","#FC8178FF",
      "#FFD56EFF","#000000FF","#000000FF","#000000FF","#000000FF",
      "#000000FF","#000000FF","#000000FF","#000000FF","#000000FF",
      "#000000FF","#000000FF","#000000FF","#000000FF","#000000FF",
      "#000000FF","#000000FF","#000000FF","#000000FF","#000000FF",
      "#000000FF","#000000FF","#000000FF","#000000FF","#000000FF",
      "#000000FF","#000000FF","#000000FF","#000000FF","#000000FF",
      "#000000FF","#000000FF","#000000FF","#000000FF","#000000FF",
      "#000000FF","#000000FF","#000000FF","#000000FF","#000000FF",
      "#000000FF","#000000FF","#000000FF","#000000FF","#000000FF",
      "#000000FF","#000000FF","#000000FF","#000000FF","#000000FF",
      "#000000FF","#000000FF","#000000FF","#000000FF","#000000FF",
      "#000000FF","#000000FF","#000000FF","#000000FF","#000000FF",
      "#000000FF","#000000FF","#000000FF","#000000FF","#000000FF",
      "#000000FF","#000000FF","#000000FF","#000000FF","#000000FF",
      "#000000FF"
    ],
    "renderingIntent": "Perceptual",
    "gamma": 0.454545,
    "chromaticity": {
      "redPrimary": {
        "x": 0.64,
        "y": 0.33
      },
      "greenPrimary": {
        "x": 0.3,
        "y": 0.6
      },
      "bluePrimary": {
        "x": 0.15,
        "y": 0.06
      },
      "whitePrimary": {
        "x": 0.3127,
        "y": 0.329
      }
    },
    "matteColor": "#BDBDBD",
    "backgroundColor": "#4C697100",
    "borderColor": "#DFDFDF",
    "transparentColor": "#4C697100",
    "interlace": "None",
    "intensity": "Undefined",
    "compose": "Over",
    "pageGeometry": {
      "width": 1190,
      "height": 675,
      "x": 0,
      "y": 0
    },
    "dispose": "None",
    "delay": "27x100",
    "iterations": 0,
    "scene": 0,
    "scenes": 102,
    "compression": "LZW",
    "orientation": "Undefined",
    "properties": {
      "date:create": "2024-07-29T07:08:47+00:00",
      "date:modify": "2024-07-29T07:08:47+00:00",
      "signature": "b87137a15b80b65973c32ff93e4df50c922adffe7bfc9f482236d4194bdba381"
    },
    "tainted": false,
    "filesize": "0B",
    "numberPixels": "803250",
    "pixelsPerSecond": "121930B",
    "userTime": "6.410u",
    "elapsedTime": "0:07.587",
    "version": "ImageMagick 7.0.10-58 Q16 x86_64 2021-01-14 https://imagemagick.org"
  }
},
{
  "version": "1.0",
  "image": {
    "name": "/home/videosdownloader/public_html/image/public/uploadt/Desktop Confetti Blown Up 1(2).gif",
    "baseName": "Desktop Confetti Blown Up 1(2).gif",
    "format": "GIF",
    "formatDescription": "GIF",
    "mimeType": "image/gif",
    "class": "PseudoClass",
    "geometry": {
      "width": 36,
      "height": 28,
      "x": 0,
      "y": 0
    },
    "units": "Undefined",
    "type": "PaletteAlpha",
    "baseType": "Undefined",
    "endianness": "Undefined",
    "colorspace": "sRGB",
    "depth": 8,
    "baseDepth": 8,
    "channelDepth": {
      "alpha": 1,
      "red": 8,
      "green": 8,
      "blue": 1
    },
    "pixels": 4032,
    "imageStatistics": {
      "Overall": {
        "min": 0,
        "max": 255,
        "mean": 116.467,
        "median": 185,
        "standardDeviation": 17903.1,
        "kurtosis": -0.562638,
        "skewness": 0.441856,
        "entropy": 0.520773
      }
    },
    "channelStatistics": {
      "alpha": {
        "min": 0,
        "max": 255,
        "mean": 84.2411,
        "median": 255,
        "standardDeviation": 30839.1,
        "kurtosis": -1.48265,
        "skewness": 0.720287,
        "entropy": 0.915291
      },
      "red": {
        "min": 76,
        "max": 255,
        "mean": 127.147,
        "median": 255,
        "standardDeviation": 20206.3,
        "kurtosis": -1.01076,
        "skewness": 0.969587,
        "entropy": 0.351041
      },
      "green": {
        "min": 105,
        "max": 255,
        "mean": 133.138,
        "median": 115,
        "standardDeviation": 12477.4,
        "kurtosis": -0.357513,
        "skewness": 1.25728,
        "entropy": 0.44486
      },
      "blue": {
        "min": 95,
        "max": 255,
        "mean": 121.34,
        "median": 115,
        "standardDeviation": 8089.38,
        "kurtosis": 13.3046,
        "skewness": 3.87681,
        "entropy": 0.371899
      }
    },
    "alpha": "#4C697100",
    "colormapEntries": 256,
    "colormap": [
      "#4C697100","#D86DFFFF","#E9D78AFF","#AAFF55FF","#FDD969FF",
      "#FF6E6EFF","#C96DFFFF","#FFE287FF","#CBFD60FF","#FEDC80FF",
      "#F97174FF","#FFDC6FFF","#6ED7FFFF","#0D9AFDFF","#68B8C6FF",
      "#FFDD6FFF","#FF9191FF","#8CE5CAFF","#FFD96EFF","#B7A5B1FF",
      "#C470FFFF","#FDDF64FF","#C994DAFF","#72C6FBFF","#FFE687FF",
      "#FFD773FF","#40BFFFFF","#FF6D6DFF","#E8CE71FF","#FFDD85FF",
      "#D3E966FF","#73E8F7FF","#E6EB6CFF","#CA71FFFF","#8BBBFEFF",
      "#FFD873FF","#CFC79CFF","#FFDE85FF","#DD99CAFF","#CD79FBFF",
      "#FF8282FF","#A3EFAAFF","#CA72FFFF","#FFE681FF","#6FDBFFFF",
      "#BAF37EFF","#C6D350FF","#C773FFFF","#CA73FFFF","#D0FF5FFF",
      "#02A8FFFF","#FFD556FF","#A3DDCDFF","#FDC184FF","#FFDA73FF",
      "#FFE085FF","#D097A2FF","#DDF167FF","#018FFFFF","#FFDE8AFF",
      "#D2FB85FF","#71DDFFFF","#73DDFFFF","#FF7373FF","#FFC674FF",
      "#CCFF59FF","#CA75FFFF","#D5DC73FF","#D18DDDFF","#FF8181FF",
      "#73DEFFFF","#55AAFFFF","#FE7473FF","#FF7473FF","#CD71FEFF",
      "#FFD872FF","#BDFF48FF","#71DFFFFF","#A9FF53FF","#FBDC89FF",
      "#DA74E8FF","#E8DF68FF","#7986BFFF","#E4878DFF","#BEE152FF",
      "#C4FF5EFF","#FFDD89FF","#E878A0FF","#FB9A75FF","#0193FFFF",
      "#FF7272FF","#80D3FCFF","#FF7979FF","#ABA772FF","#FBEA86FF",
      "#AF93FFFF","#FFCD6FFF","#E1EA6AFF","#FF8080FF","#FF7372FF",
      "#FFD771FF","#EE8A82FF","#0095FFFF","#C8EF5AFF","#71E3FFFF",
      "#FFD871FF","#FFCB63FF","#FCED7BFF","#0096FFFF","#8ADCE7FF",
      "#D0B8ADFF","#FF6A6AFF","#FFD971FF","#EC8085FF","#CBF761FF",
      "#FF7171FF","#C0EC59FF","#BD7CFFFF","#FDB875FF","#A3E1B0FF",
      "#0097FFFF","#CAF360FF","#64CBFFFF","#FE8976FF","#FFDD88FF",
      "#FF7F7FFF","#AEF292FF","#FFBF60FF","#CDFD62FF","#92CEDEFF",
      "#F1E26DFF","#0098FFFF","#7EE0EDFF","#FFDE88FF","#CCFE62FF",
      "#CDFE62FF","#CEFE62FF","#0099FFFF","#D6FF57FF","#FFDF88FF",
      "#019AFFFF","#C8E088FF","#FF7070FF","#EDA4B3FF","#408CE0FF",
      "#8080FFFF","#CE7FEEFF","#EAB16DFF","#FC7376FF","#CDFC61FF",
      "#FFAA55FF","#F8D97BFF","#FFDB81FF","#D9DB65FF","#947882FF",
      "#FFA876FF","#FFD374FF","#FD6768FF","#FFD986FF","#CDFE61FF",
      "#FF8785FF","#C6FF56FF","#35B4F3FF","#D5D99CFF","#CDFA60FF",
      "#B87D99FF","#9BBCC8FF","#F37A82FF","#CBFF61FF","#CCFF61FF",
      "#F69371FF","#CE6AFFFF","#E7AEA9FF","#FFE28DFF","#61D3FFFF",
      "#C7A6C3FF","#C96BFFFF","#24A9F0FF","#C785EEFF","#000000FF",
      "#FFE371FF","#FFD774FF","#C8D29AFF","#FFCE67FF","#FC8178FF",
      "#FFD56EFF","#000000FF","#000000FF","#000000FF","#000000FF",
      "#000000FF","#000000FF","#000000FF","#000000FF","#000000FF",
      "#000000FF","#000000FF","#000000FF","#000000FF","#000000FF",
      "#000000FF","#000000FF","#000000FF","#000000FF","#000000FF",
      "#000000FF","#000000FF","#000000FF","#000000FF","#000000FF",
      "#000000FF","#000000FF","#000000FF","#000000FF","#000000FF",
      "#000000FF","#000000FF","#000000FF","#000000FF","#000000FF",
      "#000000FF","#000000FF","#000000FF","#000000FF","#000000FF",
      "#000000FF","#000000FF","#000000FF","#000000FF","#000000FF",
      "#000000FF","#000000FF","#000000FF","#000000FF","#000000FF",
      "#000000FF","#000000FF","#000000FF","#000000FF","#000000FF",
      "#000000FF","#000000FF","#000000FF","#000000FF","#000000FF",
      "#000000FF","#000000FF","#000000FF","#000000FF","#000000FF",
      "#000000FF","#000000FF","#000000FF","#000000FF","#000000FF",
      "#000000FF"
    ],
    "renderingIntent": "Perceptual",
    "gamma": 0.454545,
    "chromaticity": {
      "redPrimary": {
        "x": 0.64,
        "y": 0.33
      },
      "greenPrimary": {
        "x": 0.3,
        "y": 0.6
      },
      "bluePrimary": {
        "x": 0.15,
        "y": 0.06
      },
      "whitePrimary": {
        "x": 0.3127,
        "y": 0.329
      }
    },
    "matteColor": "#BDBDBD",
    "backgroundColor": "#4C697100",
    "borderColor": "#DFDFDF",
    "transparentColor": "#4C697100",
    "interlace": "None",
    "intensity": "Undefined",
    "compose": "Over",
    "pageGeometry": {
      "width": 1190,
      "height": 675,
      "x": 0,
      "y": 643
    },
    "originGeometry": "+0+643",
    "dispose": "None",
    "delay": "3x100",
    "iterations": 0,
    "scene": 1,
    "scenes": 102,
    "compression": "LZW",
    "orientation": "Undefined",
    "properties": {
      "date:create": "2024-07-29T07:08:47+00:00",
      "date:modify": "2024-07-29T07:08:47+00:00",
      "signature": "15f04ccab090913ad6d32e0db35f6260e2ee24a6aa4873622e9e4f81878c4bd4"
    },
    "tainted": false,
    "filesize": "0B",
    "numberPixels": "1008",
    "pixelsPerSecond": "148B",
    "userTime": "6.660u",
    "elapsedTime": "0:07.795",
    "version": "ImageMagick 7.0.10-58 Q16 x86_64 2021-01-14 https://imagemagick.org"
  }
},
{
  "version": "1.0",
  "image": {
    "name": "/home/videosdownloader/public_html/image/public/uploadt/Desktop Confetti Blown Up 1(2).gif",
    "baseName": "Desktop Confetti Blown Up 1(2).gif",
    "format": "GIF",
    "formatDescription": "GIF",
    "mimeType": "image/gif",
    "class": "PseudoClass",
    "geometry": {
      "width": 1190,
      "height": 675,
      "x": 0,
      "y": 0
    },
    "units": "Undefined",
    "type": "PaletteAlpha",
    "baseType": "Undefined",
    "endianness": "Undefined",
    "colorspace": "sRGB",
    "depth": 8,
    "baseDepth": 8,
    "channelDepth": {
      "alpha": 1,
      "red": 8,
      "green": 8,
      "blue": 1
    },
    "pixels": 3213000,
    "imageStatistics": {
      "Overall": {
        "min": 0,
        "max": 255,
        "mean": 73.9246,
        "median": 73.5,
        "standardDeviation": 2122.01,
        "kurtosis": -0.573118,
        "skewness": -0.721366,
        "entropy": 0.0133222
      }
    },
    "channelStatistics": {
      "alpha": {
        "min": 0,
        "max": 255,
        "mean": 0.827619,
        "median": 0,
        "standardDeviation": 3727.46,
        "kurtosis": 303.115,
        "skewness": 17.4675,
        "entropy": 0.0315069
      },
      "red": {
        "min": 76,
        "max": 255,
        "mean": 76.4421,
        "median": 76,
        "standardDeviation": 2115.03,
        "kurtosis": 391.569,
        "skewness": 19.5601,
        "entropy": 0.00746158
      },
      "green": {
        "min": 105,
        "max": 255,
        "mean": 105.316,
        "median": 105,
        "standardDeviation": 1605.89,
        "kurtosis": 432.058,
        "skewness": 20.6129,
        "entropy": 0.00743498
      },
      "blue": {
        "min": 87,
        "max": 255,
        "mean": 113.113,
        "median": 113,
        "standardDeviation": 1039.64,
        "kurtosis": 1140.16,
        "skewness": 33.3305,
        "entropy": 0.00688519
      }
    },
    "alpha": "#4C697100",
    "colormapEntries": 256,
    "colormap": [
      "#4C697100","#D86DFFFF","#E9D78AFF","#AAFF55FF","#FDD969FF",
      "#FF6E6EFF","#C96DFFFF","#FFE287FF","#CBFD60FF","#FEDC80FF",
      "#F97174FF","#FFDC6FFF","#6ED7FFFF","#0D9AFDFF","#68B8C6FF",
      "#FFDD6FFF","#FF9191FF","#8CE5CAFF","#FFD96EFF","#B7A5B1FF",
      "#C470FFFF","#FDDF64FF","#C994DAFF","#72C6FBFF","#FFE687FF",
      "#FFD773FF","#40BFFFFF","#FF6D6DFF","#E8CE71FF","#FFDD85FF",
      "#D3E966FF","#73E8F7FF","#E6EB6CFF","#CA71FFFF","#8BBBFEFF",
      "#FFD873FF","#CFC79CFF","#FFDE85FF","#DD99CAFF","#CD79FBFF",
      "#FF8282FF","#A3EFAAFF","#CA72FFFF","#FFE681FF","#6FDBFFFF",
      "#BAF37EFF","#C6D350FF","#C773FFFF","#CA73FFFF","#D0FF5FFF",
      "#02A8FFFF","#FFD556FF","#A3DDCDFF","#FDC184FF","#FFDA73FF",
      "#FFE085FF","#D097A2FF","#DDF167FF","#018FFFFF","#FFDE8AFF",
      "#D2FB85FF","#71DDFFFF","#73DDFFFF","#FF7373FF","#FFC674FF",
      "#CCFF59FF","#CA75FFFF","#D5DC73FF","#D18DDDFF","#FF8181FF",
      "#73DEFFFF","#55AAFFFF","#FE7473FF","#FF7473FF","#CD71FEFF",
      "#FFD872FF","#BDFF48FF","#71DFFFFF","#A9FF53FF","#FBDC89FF",
      "#DA74E8FF","#E8DF68FF","#7986BFFF","#E4878DFF","#BEE152FF",
      "#C4FF5EFF","#FFDD89FF","#E878A0FF","#FB9A75FF","#0193FFFF",
      "#FF7272FF","#80D3FCFF","#FF7979FF","#ABA772FF","#FBEA86FF",
      "#AF93FFFF","#FFCD6FFF","#E1EA6AFF","#FF8080FF","#FF7372FF",
      "#FFD771FF","#EE8A82FF","#0095FFFF","#C8EF5AFF","#71E3FFFF",
      "#FFD871FF","#FFCB63FF","#FCED7BFF","#0096FFFF","#8ADCE7FF",
      "#D0B8ADFF","#FF6A6AFF","#FFD971FF","#EC8085FF","#CBF761FF",
      "#FF7171FF","#C0EC59FF","#BD7CFFFF","#FDB875FF","#A3E1B0FF",
      "#0097FFFF","#CAF360FF","#64CBFFFF","#FE8976FF","#FFDD88FF",
      "#FF7F7FFF","#AEF292FF","#FFBF60FF","#CDFD62FF","#92CEDEFF",
      "#F1E26DFF","#0098FFFF","#7EE0EDFF","#FFDE88FF","#CCFE62FF",
      "#CDFE62FF","#CEFE62FF","#0099FFFF","#D6FF57FF","#FFDF88FF",
      "#019AFFFF","#C8E088FF","#FF7070FF","#EDA4B3FF","#408CE0FF",
      "#8080FFFF","#CE7FEEFF","#EAB16DFF","#FC7376FF","#CDFC61FF",
      "#FFAA55FF","#F8D97BFF","#FFDB81FF","#D9DB65FF","#947882FF",
      "#FFA876FF","#FFD374FF","#FD6768FF","#FFD986FF","#CDFE61FF",
      "#FF8785FF","#C6FF56FF","#35B4F3FF","#D5D99CFF","#CDFA60FF",
      "#B87D99FF","#9BBCC8FF","#F37A82FF","#CBFF61FF","#CCFF61FF",
      "#F69371FF","#CE6AFFFF","#E7AEA9FF","#FFE28DFF","#61D3FFFF",
      "#C7A6C3FF","#C96BFFFF","#24A9F0FF","#C785EEFF","#000000FF",
      "#FFE371FF","#FFD774FF","#C8D29AFF","#FFCE67FF","#FC8178FF",
      "#FFD56EFF","#000000FF","#000000FF","#000000FF","#000000FF",
      "#000000FF","#000000FF","#000000FF","#000000FF","#000000FF",
      "#000000FF","#000000FF","#000000FF","#000000FF","#000000FF",
      "#000000FF","#000000FF","#000000FF","#000000FF","#000000FF",
      "#000000FF","#000000FF","#000000FF","#000000FF","#000000FF",
      "#000000FF","#000000FF","#000000FF","#000000FF","#000000FF",
      "#000000FF","#000000FF","#000000FF","#000000FF","#000000FF",
      "#000000FF","#000000FF","#000000FF","#000000FF","#000000FF",
      "#000000FF","#000000FF","#000000FF","#000000FF","#000000FF",
      "#000000FF","#000000FF","#000000FF","#000000FF","#000000FF",
      "#000000FF","#000000FF","#000000FF","#000000FF","#000000FF",
      "#000000FF","#000000FF","#000000FF","#000000FF","#000000FF",
      "#000000FF","#000000FF","#000000FF","#000000FF","#000000FF",
      "#000000FF","#000000FF","#000000FF","#000000FF","#000000FF",
      "#000000FF"
    ],
    "renderingIntent": "Perceptual",
    "gamma": 0.454545,
    "chromaticity": {
      "redPrimary": {
        "x": 0.64,
        "y": 0.33
      },
      "greenPrimary": {
        "x": 0.3,
        "y": 0.6
      },
      "bluePrimary": {
        "x": 0.15,
        "y": 0.06
      },
      "whitePrimary": {
        "x": 0.3127,
        "y": 0.329
      }
    },
    "matteColor": "#BDBDBD",
    "backgroundColor": "#4C697100",
    "borderColor": "#DFDFDF",
    "transparentColor": "#4C697100",
    "interlace": "None",
    "intensity": "Undefined",
    "compose": "Over",
    "pageGeometry": {
      "width": 1190,
      "height": 675,
      "x": 0,
      "y": 0
    },
    "dispose": "Background",
    "delay": "3x100",
    "iterations": 0,
    "scene": 2,
    "scenes": 102,
    "compression": "LZW",
    "orientation": "Undefined",
    "properties": {
      "date:create": "2024-07-29T07:08:47+00:00",
      "date:modify": "2024-07-29T07:08:47+00:00",
      "signature": "d228e4331e821e60fc26c11f1e1fc73d218c58be894d06ff48975e44dc88149a"
    },
    "tainted": false,
    "filesize": "0B",
    "numberPixels": "803250",
    "pixelsPerSecond": "117597B",
    "userTime": "6.700u",
    "elapsedTime": "0:07.830",
    "version": "ImageMagick 7.0.10-58 Q16 x86_64 2021-01-14 https://imagemagick.org"
  }
},
{
  "version": "1.0",
  "image": {
    "name": "/home/videosdownloader/public_html/image/public/uploadt/Desktop Confetti Blown Up 1(2).gif",
    "baseName": "Desktop Confetti Blown Up 1(2).gif",
    "format": "GIF",
    "formatDescription": "GIF",
    "mimeType": "image/gif",
    "class": "PseudoClass",
    "geometry": {
      "width": 1190,
      "height": 675,
      "x": 0,
      "y": 0
    },
    "units": "Undefined",
    "type": "PaletteAlpha",
    "baseType": "Undefined",
    "endianness": "Undefined",
    "colorspace": "sRGB",
    "depth": 8,
    "baseDepth": 8,
    "channelDepth": {
      "alpha": 1,
      "red": 8,
      "green": 8,
      "blue": 1
    },
    "pixels": 3213000,
    "imageStatistics": {
      "Overall": {
        "min": 0,
        "max": 255,
        "mean": 74.6856,
        "median": 73.5,
        "standardDeviation": 3537,
        "kurtosis": -0.0369811,
        "skewness": -0.509598,
        "entropy": 0.0319276
      }
    },
    "channelStatistics": {
      "alpha": {
        "min": 0,
        "max": 255,
        "mean": 2.31968,
        "median": 0,
        "standardDeviation": 6222.05,
        "kurtosis": 104.938,
        "skewness": 10.3411,
        "entropy": 0.0747442
      },
      "red": {
        "min": 76,
        "max": 255,
        "mean": 77.2442,
        "median": 76,
        "standardDeviation": 3485.9,
        "kurtosis": 129.753,
        "skewness": 11.3059,
        "entropy": 0.0181839
      },
      "green": {
        "min": 103,
        "max": 255,
        "mean": 105.948,
        "median": 105,
        "standardDeviation": 2843.32,
        "kurtosis": 146.242,
        "skewness": 12.06,
        "entropy": 0.0178255
      },
      "blue": {
        "min": 87,
        "max": 255,
        "mean": 113.23,
        "median": 113,
        "standardDeviation": 1596.72,
        "kurtosis": 484.47,
        "skewness": 21.6495,
        "entropy": 0.0169566
      }
    },
    "alpha": "#4C697100",
    "colormapEntries": 256,
    "colormap": [
      "#4C697100","#D86DFFFF","#E9D78AFF","#AAFF55FF","#FDD969FF",
      "#FF6E6EFF","#C96DFFFF","#FFE287FF","#CBFD60FF","#FEDC80FF",
      "#F97174FF","#FFDC6FFF","#6ED7FFFF","#0D9AFDFF","#68B8C6FF",
      "#FFDD6FFF","#FF9191FF","#8CE5CAFF","#FFD96EFF","#B7A5B1FF",
      "#C470FFFF","#FDDF64FF","#C994DAFF","#72C6FBFF","#FFE687FF",
      "#FFD773FF","#40BFFFFF","#FF6D6DFF","#E8CE71FF","#FFDD85FF",
      "#D3E966FF","#73E8F7FF","#E6EB6CFF","#CA71FFFF","#8BBBFEFF",
      "#FFD873FF","#CFC79CFF","#FFDE85FF","#DD99CAFF","#CD79FBFF",
      "#FF8282FF","#A3EFAAFF","#CA72FFFF","#FFE681FF","#6FDBFFFF",
      "#BAF37EFF","#C6D350FF","#C773FFFF","#CA73FFFF","#D0FF5FFF",
      "#02A8FFFF","#FFD556FF","#A3DDCDFF","#FDC184FF","#FFDA73FF",
      "#FFE085FF","#D097A2FF","#DDF167FF","#018FFFFF","#FFDE8AFF",
      "#D2FB85FF","#71DDFFFF","#73DDFFFF","#FF7373FF","#FFC674FF",
      "#CCFF59FF","#CA75FFFF","#D5DC73FF","#D18DDDFF","#FF8181FF",
      "#73DEFFFF","#55AAFFFF","#FE7473FF","#FF7473FF","#CD71FEFF",
      "#FFD872FF","#BDFF48FF","#71DFFFFF","#A9FF53FF","#FBDC89FF",
      "#DA74E8FF","#E8DF68FF","#7986BFFF","#E4878DFF","#BEE152FF",
      "#C4FF5EFF","#FFDD89FF","#E878A0FF","#FB9A75FF","#0193FFFF",
      "#FF7272FF","#80D3FCFF","#FF7979FF","#ABA772FF","#FBEA86FF",
      "#AF93FFFF","#FFCD6FFF","#E1EA6AFF","#FF8080FF","#FF7372FF",
      "#FFD771FF","#EE8A82FF","#0095FFFF","#C8EF5AFF","#71E3FFFF",
      "#FFD871FF","#FFCB63FF","#FCED7BFF","#0096FFFF","#8ADCE7FF",
      "#D0B8ADFF","#FF6A6AFF","#FFD971FF","#EC8085FF","#CBF761FF",
      "#FF7171FF","#C0EC59FF","#BD7CFFFF","#FDB875FF","#A3E1B0FF",
      "#0097FFFF","#CAF360FF","#64CBFFFF","#FE8976FF","#FFDD88FF",
      "#FF7F7FFF","#AEF292FF","#FFBF60FF","#CDFD62FF","#92CEDEFF",
      "#F1E26DFF","#0098FFFF","#7EE0EDFF","#FFDE88FF","#CCFE62FF",
      "#CDFE62FF","#CEFE62FF","#0099FFFF","#D6FF57FF","#FFDF88FF",
      "#019AFFFF","#C8E088FF","#FF7070FF","#EDA4B3FF","#408CE0FF",
      "#8080FFFF","#CE7FEEFF","#EAB16DFF","#FC7376FF","#CDFC61FF",
      "#FFAA55FF","#F8D97BFF","#FFDB81FF","#D9DB65FF","#947882FF",
      "#FFA876FF","#FFD374FF","#FD6768FF","#FFD986FF","#CDFE61FF",
      "#FF8785FF","#C6FF56FF","#35B4F3FF","#D5D99CFF","#CDFA60FF",
      "#B87D99FF","#9BBCC8FF","#F37A82FF","#CBFF61FF","#CCFF61FF",
      "#F69371FF","#CE6AFFFF","#E7AEA9FF","#FFE28DFF","#61D3FFFF",
      "#C7A6C3FF","#C96BFFFF","#24A9F0FF","#C785EEFF","#000000FF",
      "#FFE371FF","#FFD774FF","#C8D29AFF","#FFCE67FF","#FC8178FF",
      "#FFD56EFF","#000000FF","#000000FF","#000000FF","#000000FF",
      "#000000FF","#000000FF","#000000FF","#000000FF","#000000FF",
      "#000000FF","#000000FF","#000000FF","#000000FF","#000000FF",
      "#000000FF","#000000FF","#000000FF","#000000FF","#000000FF",
      "#000000FF","#000000FF","#000000FF","#000000FF","#000000FF",
      "#000000FF","#000000FF","#000000FF","#000000FF","#000000FF",
      "#000000FF","#000000FF","#000000FF","#000000FF","#000000FF",
      "#000000FF","#000000FF","#000000FF","#000000FF","#000000FF",
      "#000000FF","#000000FF","#000000FF","#000000FF","#000000FF",
      "#000000FF","#000000FF","#000000FF","#000000FF","#000000FF",
      "#000000FF","#000000FF","#000000FF","#000000FF","#000000FF",
      "#000000FF","#000000FF","#000000FF","#000000FF","#000000FF",
      "#000000FF","#000000FF","#000000FF","#000000FF","#000000FF",
      "#000000FF","#000000FF","#000000FF","#000000FF","#000000FF",
      "#000000FF"
    ],
    "renderingIntent": "Perceptual",
    "gamma": 0.454545,
    "chromaticity": {
      "redPrimary": {
        "x": 0.64,
        "y": 0.33
      },
      "greenPrimary": {
        "x": 0.3,
        "y": 0.6
      },
      "bluePrimary": {
        "x": 0.15,
        "y": 0.06
      },
      "whitePrimary": {
        "x": 0.3127,
        "y": 0.329
      }
    },
    "matteColor": "#BDBDBD",
    "backgroundColor": "#4C697100",
    "borderColor": "#DFDFDF",
    "transparentColor": "#4C697100",
    "interlace": "None",
    "intensity": "Undefined",
    "compose": "Over",
    "pageGeometry": {
      "width": 1190,
      "height": 675,
      "x": 0,
      "y": 0
    },
    "dispose": "Background",
    "delay": "4x100",
    "iterations": 0,
    "scene": 3,
    "scenes": 102,
    "compression": "LZW",
    "orientation": "Undefined",
    "properties": {
      "date:create": "2024-07-29T07:08:47+00:00",
      "date:modify": "2024-07-29T07:08:47+00:00",
      "signature": "794d507703a3a2cfbffbb2bd57b7ef63c94155c53a36fbcdd471b56491bb82c5"
    },
    "tainted": false,
    "filesize": "0B",
    "numberPixels": "803250",
    "pixelsPerSecond": "114022B",
    "userTime": "6.940u",
    "elapsedTime": "0:08.044",
    "version": "ImageMagick 7.0.10-58 Q16 x86_64 2021-01-14 https://imagemagick.org"
  }
},
{
  "version": "1.0",
  "image": {
    "name": "/home/videosdownloader/public_html/image/public/uploadt/Desktop Confetti Blown Up 1(2).gif",
    "baseName": "Desktop Confetti Blown Up 1(2).gif",
    "format": "GIF",
    "formatDescription": "GIF",
    "mimeType": "image/gif",
    "class": "PseudoClass",
    "geometry": {
      "width": 1190,
      "height": 675,
      "x": 0,
      "y": 0
    },
    "units": "Undefined",
    "type": "PaletteAlpha",
    "baseType": "Undefined",
    "endianness": "Undefined",
    "colorspace": "sRGB",
    "depth": 8,
    "baseDepth": 8,
    "channelDepth": {
      "alpha": 1,
      "red": 8,
      "green": 8,
      "blue": 1
    },
    "pixels": 3213000,
    "imageStatistics": {
      "Overall": {
        "min": 0,
        "max": 255,
        "mean": 75.585,
        "median": 73.5,
        "standardDeviation": 4676.97,
        "kurtosis": 0.439026,
        "skewness": -0.300185,
        "entropy": 0.050897
      }
    },
    "channelStatistics": {
      "alpha": {
        "min": 0,
        "max": 255,
        "mean": 4.07079,
        "median": 0,
        "standardDeviation": 8213.88,
        "kurtosis": 57.6574,
        "skewness": 7.72382,
        "entropy": 0.118135
      },
      "red": {
        "min": 76,
        "max": 255,
        "mean": 78.2164,
        "median": 76,
        "standardDeviation": 4645.81,
        "kurtosis": 70.3634,
        "skewness": 8.37854,
        "entropy": 0.0290651
      },
      "green": {
        "min": 105,
        "max": 255,
        "mean": 106.694,
        "median": 105,
        "standardDeviation": 3810.17,
        "kurtosis": 80.1247,
        "skewness": 8.97887,
        "entropy": 0.0290039
      },
      "blue": {
        "min": 87,
        "max": 255,
        "mean": 113.359,
        "median": 113,
        "standardDeviation": 2038.01,
        "kurtosis": 296.043,
        "skewness": 16.9254,
        "entropy": 0.0273836
      }
    },
    "alpha": "#4C697100",
    "colormapEntries": 256,
    "colormap": [
      "#4C697100","#D86DFFFF","#E9D78AFF","#AAFF55FF","#FDD969FF",
      "#FF6E6EFF","#C96DFFFF","#FFE287FF","#CBFD60FF","#FEDC80FF",
      "#F97174FF","#FFDC6FFF","#6ED7FFFF","#0D9AFDFF","#68B8C6FF",
      "#FFDD6FFF","#FF9191FF","#8CE5CAFF","#FFD96EFF","#B7A5B1FF",
      "#C470FFFF","#FDDF64FF","#C994DAFF","#72C6FBFF","#FFE687FF",
      "#FFD773FF","#40BFFFFF","#FF6D6DFF","#E8CE71FF","#FFDD85FF",
      "#D3E966FF","#73E8F7FF","#E6EB6CFF","#CA71FFFF","#8BBBFEFF",
      "#FFD873FF","#CFC79CFF","#FFDE85FF","#DD99CAFF","#CD79FBFF",
      "#FF8282FF","#A3EFAAFF","#CA72FFFF","#FFE681FF","#6FDBFFFF",
      "#BAF37EFF","#C6D350FF","#C773FFFF","#CA73FFFF","#D0FF5FFF",
      "#02A8FFFF","#FFD556FF","#A3DDCDFF","#FDC184FF","#FFDA73FF",
      "#FFE085FF","#D097A2FF","#DDF167FF","#018FFFFF","#FFDE8AFF",
      "#D2FB85FF","#71DDFFFF","#73DDFFFF","#FF7373FF","#FFC674FF",
      "#CCFF59FF","#CA75FFFF","#D5DC73FF","#D18DDDFF","#FF8181FF",
      "#73DEFFFF","#55AAFFFF","#FE7473FF","#FF7473FF","#CD71FEFF",
      "#FFD872FF","#BDFF48FF","#71DFFFFF","#A9FF53FF","#FBDC89FF",
      "#DA74E8FF","#E8DF68FF","#7986BFFF","#E4878DFF","#BEE152FF",
      "#C4FF5EFF","#FFDD89FF","#E878A0FF","#FB9A75FF","#0193FFFF",
      "#FF7272FF","#80D3FCFF","#FF7979FF","#ABA772FF","#FBEA86FF",
      "#AF93FFFF","#FFCD6FFF","#E1EA6AFF","#FF8080FF","#FF7372FF",
      "#FFD771FF","#EE8A82FF","#0095FFFF","#C8EF5AFF","#71E3FFFF",
      "#FFD871FF","#FFCB63FF","#FCED7BFF","#0096FFFF","#8ADCE7FF",
      "#D0B8ADFF","#FF6A6AFF","#FFD971FF","#EC8085FF","#CBF761FF",
      "#FF7171FF","#C0EC59FF","#BD7CFFFF","#FDB875FF","#A3E1B0FF",
      "#0097FFFF","#CAF360FF","#64CBFFFF","#FE8976FF","#FFDD88FF",
      "#FF7F7FFF","#AEF292FF","#FFBF60FF","#CDFD62FF","#92CEDEFF",
      "#F1E26DFF","#0098FFFF","#7EE0EDFF","#FFDE88FF","#CCFE62FF",
      "#CDFE62FF","#CEFE62FF","#0099FFFF","#D6FF57FF","#FFDF88FF",
      "#019AFFFF","#C8E088FF","#FF7070FF","#EDA4B3FF","#408CE0FF",
      "#8080FFFF","#CE7FEEFF","#EAB16DFF","#FC7376FF","#CDFC61FF",
      "#FFAA55FF","#F8D97BFF","#FFDB81FF","#D9DB65FF","#947882FF",
      "#FFA876FF","#FFD374FF","#FD6768FF","#FFD986FF","#CDFE61FF",
      "#FF8785FF","#C6FF56FF","#35B4F3FF","#D5D99CFF","#CDFA60FF",
      "#B87D99FF","#9BBCC8FF","#F37A82FF","#CBFF61FF","#CCFF61FF",
      "#F69371FF","#CE6AFFFF","#E7AEA9FF","#FFE28DFF","#61D3FFFF",
      "#C7A6C3FF","#C96BFFFF","#24A9F0FF","#C785EEFF","#000000FF",
      "#FFE371FF","#FFD774FF","#C8D29AFF","#FFCE67FF","#FC8178FF",
      "#FFD56EFF","#000000FF","#000000FF","#000000FF","#000000FF",
      "#000000FF","#000000FF","#000000FF","#000000FF","#000000FF",
      "#000000FF","#000000FF","#000000FF","#000000FF","#000000FF",
      "#000000FF","#000000FF","#000000FF","#000000FF","#000000FF",
      "#000000FF","#000000FF","#000000FF","#000000FF","#000000FF",
      "#000000FF","#000000FF","#000000FF","#000000FF","#000000FF",
      "#000000FF","#000000FF","#000000FF","#000000FF","#000000FF",
      "#000000FF","#000000FF","#000000FF","#000000FF","#000000FF",
      "#000000FF","#000000FF","#000000FF","#000000FF","#000000FF",
      "#000000FF","#000000FF","#000000FF","#000000FF","#000000FF",
      "#000000FF","#000000FF","#000000FF","#000000FF","#000000FF",
      "#000000FF","#000000FF","#000000FF","#000000FF","#000000FF",
      "#000000FF","#000000FF","#000000FF","#000000FF","#000000FF",
      "#000000FF","#000000FF","#000000FF","#000000FF","#000000FF",
      "#000000FF"
    ],
    "renderingIntent": "Perceptual",
    "gamma": 0.454545,
    "chromaticity": {
      "redPrimary": {
        "x": 0.64,
        "y": 0.33
      },
      "greenPrimary": {
        "x": 0.3,
        "y": 0.6
      },
      "bluePrimary": {
        "x": 0.15,
        "y": 0.06
      },
      "whitePrimary": {
        "x": 0.3127,
        "y": 0.329
      }
    },
    "matteColor": "#BDBDBD",
    "backgroundColor": "#4C697100",
    "borderColor": "#DFDFDF",
    "transparentColor": "#4C697100",
    "interlace": "None",
    "intensity": "Undefined",
    "compose": "Over",
    "pageGeometry": {
      "width": 1190,
      "height": 675,
      "x": 0,
      "y": 0
    },
    "dispose": "Background",
    "delay": "3x100",
    "iterations": 0,
    "scene": 4,
    "scenes": 102,
    "compression": "LZW",
    "orientation": "Undefined",
    "properties": {
      "date:create": "2024-07-29T07:08:47+00:00",
      "date:modify": "2024-07-29T07:08:47+00:00",
      "signature": "6a5d54d6d95a0a0f9e746bd1e7a5a9ac5ef0716fc612a4d749623a9794816575"
    },
    "tainted": false,
    "filesize": "0B",
    "numberPixels": "803250",
    "pixelsPerSecond": "111426B",
    "userTime": "7.170u",
    "elapsedTime": "0:08.208",
    "version": "ImageMagick 7.0.10-58 Q16 x86_64 2021-01-14 https://imagemagick.org"
  }
},
{
  "version": "1.0",
  "image": {
    "name": "/home/videosdownloader/public_html/image/public/uploadt/Desktop Confetti Blown Up 1(2).gif",
    "baseName": "Desktop Confetti Blown Up 1(2).gif",
    "format": "GIF",
    "formatDescription": "GIF",
    "mimeType": "image/gif",
    "class": "PseudoClass",
    "geometry": {
      "width": 1190,
      "height": 675,
      "x": 0,
      "y": 0
    },
    "units": "Undefined",
    "type": "PaletteAlpha",
    "baseType": "Undefined",
    "endianness": "Undefined",
    "colorspace": "sRGB",
    "depth": 8,
    "baseDepth": 8,
    "channelDepth": {
      "alpha": 1,
      "red": 8,
      "green": 8,
      "blue": 1
    },
    "pixels": 3213000,
    "imageStatistics": {
      "Overall": {
        "min": 0,
        "max": 255,
        "mean": 76.3789,
        "median": 73.5,
        "standardDeviation": 5488.7,
        "kurtosis": 0.742421,
        "skewness": -0.147655,
        "entropy": 0.0660963
      }
    },
    "channelStatistics": {
      "alpha": {
        "min": 0,
        "max": 255,
        "mean": 5.60984,
        "median": 0,
        "standardDeviation": 9612.77,
        "kurtosis": 40.4782,
        "skewness": 6.51753,
        "entropy": 0.152524
      },
      "red": {
        "min": 76,
        "max": 255,
        "mean": 79.0002,
        "median": 76,
        "standardDeviation": 5379.27,
        "kurtosis": 50.9723,
        "skewness": 7.16217,
        "entropy": 0.0379411
      },
      "green": {
        "min": 105,
        "max": 255,
        "mean": 107.344,
        "median": 105,
        "standardDeviation": 4462.16,
        "kurtosis": 56.2118,
        "skewness": 7.55761,
        "entropy": 0.0382236
      },
      "blue": {
        "min": 86,
        "max": 255,
        "mean": 113.562,
        "median": 113,
        "standardDeviation": 2500.61,
        "kurtosis": 195.294,
        "skewness": 13.7941,
        "entropy": 0.0356965
      }
    },
    "alpha": "#4C697100",
    "colormapEntries": 256,
    "colormap": [
      "#4C697100","#D86DFFFF","#E9D78AFF","#AAFF55FF","#FDD969FF",
      "#FF6E6EFF","#C96DFFFF","#FFE287FF","#CBFD60FF","#FEDC80FF",
      "#F97174FF","#FFDC6FFF","#6ED7FFFF","#0D9AFDFF","#68B8C6FF",
      "#FFDD6FFF","#FF9191FF","#8CE5CAFF","#FFD96EFF","#B7A5B1FF",
      "#C470FFFF","#FDDF64FF","#C994DAFF","#72C6FBFF","#FFE687FF",
      "#FFD773FF","#40BFFFFF","#FF6D6DFF","#E8CE71FF","#FFDD85FF",
      "#D3E966FF","#73E8F7FF","#E6EB6CFF","#CA71FFFF","#8BBBFEFF",
      "#FFD873FF","#CFC79CFF","#FFDE85FF","#DD99CAFF","#CD79FBFF",
      "#FF8282FF","#A3EFAAFF","#CA72FFFF","#FFE681FF","#6FDBFFFF",
      "#BAF37EFF","#C6D350FF","#C773FFFF","#CA73FFFF","#D0FF5FFF",
      "#02A8FFFF","#FFD556FF","#A3DDCDFF","#FDC184FF","#FFDA73FF",
      "#FFE085FF","#D097A2FF","#DDF167FF","#018FFFFF","#FFDE8AFF",
      "#D2FB85FF","#71DDFFFF","#73DDFFFF","#FF7373FF","#FFC674FF",
      "#CCFF59FF","#CA75FFFF","#D5DC73FF","#D18DDDFF","#FF8181FF",
      "#73DEFFFF","#55AAFFFF","#FE7473FF","#FF7473FF","#CD71FEFF",
      "#FFD872FF","#BDFF48FF","#71DFFFFF","#A9FF53FF","#FBDC89FF",
      "#DA74E8FF","#E8DF68FF","#7986BFFF","#E4878DFF","#BEE152FF",
      "#C4FF5EFF","#FFDD89FF","#E878A0FF","#FB9A75FF","#0193FFFF",
      "#FF7272FF","#80D3FCFF","#FF7979FF","#ABA772FF","#FBEA86FF",
      "#AF93FFFF","#FFCD6FFF","#E1EA6AFF","#FF8080FF","#FF7372FF",
      "#FFD771FF","#EE8A82FF","#0095FFFF","#C8EF5AFF","#71E3FFFF",
      "#FFD871FF","#FFCB63FF","#FCED7BFF","#0096FFFF","#8ADCE7FF",
      "#D0B8ADFF","#FF6A6AFF","#FFD971FF","#EC8085FF","#CBF761FF",
      "#FF7171FF","#C0EC59FF","#BD7CFFFF","#FDB875FF","#A3E1B0FF",
      "#0097FFFF","#CAF360FF","#64CBFFFF","#FE8976FF","#FFDD88FF",
      "#FF7F7FFF","#AEF292FF","#FFBF60FF","#CDFD62FF","#92CEDEFF",
      "#F1E26DFF","#0098FFFF","#7EE0EDFF","#FFDE88FF","#CCFE62FF",
      "#CDFE62FF","#CEFE62FF","#0099FFFF","#D6FF57FF","#FFDF88FF",
      "#019AFFFF","#C8E088FF","#FF7070FF","#EDA4B3FF","#408CE0FF",
      "#8080FFFF","#CE7FEEFF","#EAB16DFF","#FC7376FF","#CDFC61FF",
      "#FFAA55FF","#F8D97BFF","#FFDB81FF","#D9DB65FF","#947882FF",
      "#FFA876FF","#FFD374FF","#FD6768FF","#FFD986FF","#CDFE61FF",
      "#FF8785FF","#C6FF56FF","#35B4F3FF","#D5D99CFF","#CDFA60FF",
      "#B87D99FF","#9BBCC8FF","#F37A82FF","#CBFF61FF","#CCFF61FF",
      "#F69371FF","#CE6AFFFF","#E7AEA9FF","#FFE28DFF","#61D3FFFF",
      "#C7A6C3FF","#C96BFFFF","#24A9F0FF","#C785EEFF","#000000FF",
      "#FFE371FF","#FFD774FF","#C8D29AFF","#FFCE67FF","#FC8178FF",
      "#FFD56EFF","#000000FF","#000000FF","#000000FF","#000000FF",
      "#000000FF","#000000FF","#000000FF","#000000FF","#000000FF",
      "#000000FF","#000000FF","#000000FF","#000000FF","#000000FF",
      "#000000FF","#000000FF","#000000FF","#000000FF","#000000FF",
      "#000000FF","#000000FF","#000000FF","#000000FF","#000000FF",
      "#000000FF","#000000FF","#000000FF","#000000FF","#000000FF",
      "#000000FF","#000000FF","#000000FF","#000000FF","#000000FF",
      "#000000FF","#000000FF","#000000FF","#000000FF","#000000FF",
      "#000000FF","#000000FF","#000000FF","#000000FF","#000000FF",
      "#000000FF","#000000FF","#000000FF","#000000FF","#000000FF",
      "#000000FF","#000000FF","#000000FF","#000000FF","#000000FF",
      "#000000FF","#000000FF","#000000FF","#000000FF","#000000FF",
      "#000000FF","#000000FF","#000000FF","#000000FF","#000000FF",
      "#000000FF","#000000FF","#000000FF","#000000FF","#000000FF",
      "#000000FF"
    ],
    "renderingIntent": "Perceptual",
    "gamma": 0.454545,
    "chromaticity": {
      "redPrimary": {
        "x": 0.64,
        "y": 0.33
      },
      "greenPrimary": {
        "x": 0.3,
        "y": 0.6
      },
      "bluePrimary": {
        "x": 0.15,
        "y": 0.06
      },
      "whitePrimary": {
        "x": 0.3127,
        "y": 0.329
      }
    },
    "matteColor": "#BDBDBD",
    "backgroundColor": "#4C697100",
    "borderColor": "#DFDFDF",
    "transparentColor": "#4C697100",
    "interlace": "None",
    "intensity": "Undefined",
    "compose": "Over",
    "pageGeometry": {
      "width": 1190,
      "height": 675,
      "x": 0,
      "y": 0
    },
    "dispose": "Background",
    "delay": "3x100",
    "iterations": 0,
    "scene": 5,
    "scenes": 102,
    "compression": "LZW",
    "orientation": "Undefined",
    "properties": {
      "date:create": "2024-07-29T07:08:47+00:00",
      "date:modify": "2024-07-29T07:08:47+00:00",
      "signature": "b1265db7ecb8f97b1782917d10218af650fec67b700f62d4184dd3501fa1c7ae"
    },
    "tainted": false,
    "filesize": "0B",
    "numberPixels": "803250",
    "pixelsPerSecond": "106647B",
    "userTime": "7.530u",
    "elapsedTime": "0:08.531",
    "version": "ImageMagick 7.0.10-58 Q16 x86_64 2021-01-14 https://imagemagick.org"
  }
},
{
  "version": "1.0",
  "image": {
    "name": "/home/videosdownloader/public_html/image/public/uploadt/Desktop Confetti Blown Up 1(2).gif",
    "baseName": "Desktop Confetti Blown Up 1(2).gif",
    "format": "GIF",
    "formatDescription": "GIF",
    "mimeType": "image/gif",
    "class": "PseudoClass",
    "geometry": {
      "width": 1190,
      "height": 675,
      "x": 0,
      "y": 0
    },
    "units": "Undefined",
    "type": "PaletteAlpha",
    "baseType": "Undefined",
    "endianness": "Undefined",
    "colorspace": "sRGB",
    "depth": 8,
    "baseDepth": 8,
    "channelDepth": {
      "alpha": 1,
      "red": 8,
      "green": 8,
      "blue": 1
    },
    "pixels": 3213000,
    "imageStatistics": {
      "Overall": {
        "min": 0,
        "max": 255,
        "mean": 77.1707,
        "median": 73.5,
        "standardDeviation": 6190.02,
        "kurtosis": 0.965257,
        "skewness": -0.0192389,
        "entropy": 0.0803308
      }
    },
    "channelStatistics": {
      "alpha": {
        "min": 0,
        "max": 255,
        "mean": 7.1419,
        "median": 0,
        "standardDeviation": 10812.9,
        "kurtosis": 30.7335,
        "skewness": 5.72132,
        "entropy": 0.184299
      },
      "red": {
        "min": 76,
        "max": 255,
        "mean": 79.7191,
        "median": 76,
        "standardDeviation": 5949.24,
        "kurtosis": 40.4754,
        "skewness": 6.40376,
        "entropy": 0.046723
      },
      "green": {
        "min": 103,
        "max": 255,
        "mean": 108,
        "median": 105,
        "standardDeviation": 5026.48,
        "kurtosis": 42.5613,
        "skewness": 6.6105,
        "entropy": 0.046735
      },
      "blue": {
        "min": 87,
        "max": 255,
        "mean": 113.821,
        "median": 113,
        "standardDeviation": 2971.46,
        "kurtosis": 137.002,
        "skewness": 11.5978,
        "entropy": 0.0435664
      }
    },
    "alpha": "#4C697100",
    "colormapEntries": 256,
    "colormap": [
      "#4C697100","#D86DFFFF","#E9D78AFF","#AAFF55FF","#FDD969FF",
      "#FF6E6EFF","#C96DFFFF","#FFE287FF","#CBFD60FF","#FEDC80FF",
      "#F97174FF","#FFDC6FFF","#6ED7FFFF","#0D9AFDFF","#68B8C6FF",
      "#FFDD6FFF","#FF9191FF","#8CE5CAFF","#FFD96EFF","#B7A5B1FF",
      "#C470FFFF","#FDDF64FF","#C994DAFF","#72C6FBFF","#FFE687FF",
      "#FFD773FF","#40BFFFFF","#FF6D6DFF","#E8CE71FF","#FFDD85FF",
      "#D3E966FF","#73E8F7FF","#E6EB6CFF","#CA71FFFF","#8BBBFEFF",
      "#FFD873FF","#CFC79CFF","#FFDE85FF","#DD99CAFF","#CD79FBFF",
      "#FF8282FF","#A3EFAAFF","#CA72FFFF","#FFE681FF","#6FDBFFFF",
      "#BAF37EFF","#C6D350FF","#C773FFFF","#CA73FFFF","#D0FF5FFF",
      "#02A8FFFF","#FFD556FF","#A3DDCDFF","#FDC184FF","#FFDA73FF",
      "#FFE085FF","#D097A2FF","#DDF167FF","#018FFFFF","#FFDE8AFF",
      "#D2FB85FF","#71DDFFFF","#73DDFFFF","#FF7373FF","#FFC674FF",
      "#CCFF59FF","#CA75FFFF","#D5DC73FF","#D18DDDFF","#FF8181FF",
      "#73DEFFFF","#55AAFFFF","#FE7473FF","#FF7473FF","#CD71FEFF",
      "#FFD872FF","#BDFF48FF","#71DFFFFF","#A9FF53FF","#FBDC89FF",
      "#DA74E8FF","#E8DF68FF","#7986BFFF","#E4878DFF","#BEE152FF",
      "#C4FF5EFF","#FFDD89FF","#E878A0FF","#FB9A75FF","#0193FFFF",
      "#FF7272FF","#80D3FCFF","#FF7979FF","#ABA772FF","#FBEA86FF",
      "#AF93FFFF","#FFCD6FFF","#E1EA6AFF","#FF8080FF","#FF7372FF",
      "#FFD771FF","#EE8A82FF","#0095FFFF","#C8EF5AFF","#71E3FFFF",
      "#FFD871FF","#FFCB63FF","#FCED7BFF","#0096FFFF","#8ADCE7FF",
      "#D0B8ADFF","#FF6A6AFF","#FFD971FF","#EC8085FF","#CBF761FF",
      "#FF7171FF","#C0EC59FF","#BD7CFFFF","#FDB875FF","#A3E1B0FF",
      "#0097FFFF","#CAF360FF","#64CBFFFF","#FE8976FF","#FFDD88FF",
      "#FF7F7FFF","#AEF292FF","#FFBF60FF","#CDFD62FF","#92CEDEFF",
      "#F1E26DFF","#0098FFFF","#7EE0EDFF","#FFDE88FF","#CCFE62FF",
      "#CDFE62FF","#CEFE62FF","#0099FFFF","#D6FF57FF","#FFDF88FF",
      "#019AFFFF","#C8E088FF","#FF7070FF","#EDA4B3FF","#408CE0FF",
      "#8080FFFF","#CE7FEEFF","#EAB16DFF","#FC7376FF","#CDFC61FF",
      "#FFAA55FF","#F8D97BFF","#FFDB81FF","#D9DB65FF","#947882FF",
      "#FFA876FF","#FFD374FF","#FD6768FF","#FFD986FF","#CDFE61FF",
      "#FF8785FF","#C6FF56FF","#35B4F3FF","#D5D99CFF","#CDFA60FF",
      "#B87D99FF","#9BBCC8FF","#F37A82FF","#CBFF61FF","#CCFF61FF",
      "#F69371FF","#CE6AFFFF","#E7AEA9FF","#FFE28DFF","#61D3FFFF",
      "#C7A6C3FF","#C96BFFFF","#24A9F0FF","#C785EEFF","#000000FF",
      "#FFE371FF","#FFD774FF","#C8D29AFF","#FFCE67FF","#FC8178FF",
      "#FFD56EFF","#000000FF","#000000FF","#000000FF","#000000FF",
      "#000000FF","#000000FF","#000000FF","#000000FF","#000000FF",
      "#000000FF","#000000FF","#000000FF","#000000FF","#000000FF",
      "#000000FF","#000000FF","#000000FF","#000000FF","#000000FF",
      "#000000FF","#000000FF","#000000FF","#000000FF","#000000FF",
      "#000000FF","#000000FF","#000000FF","#000000FF","#000000FF",
      "#000000FF","#000000FF","#000000FF","#000000FF","#000000FF",
      "#000000FF","#000000FF","#000000FF","#000000FF","#000000FF",
      "#000000FF","#000000FF","#000000FF","#000000FF","#000000FF",
      "#000000FF","#000000FF","#000000FF","#000000FF","#000000FF",
      "#000000FF","#000000FF","#000000FF","#000000FF","#000000FF",
      "#000000FF","#000000FF","#000000FF","#000000FF","#000000FF",
      "#000000FF","#000000FF","#000000FF","#000000FF","#000000FF",
      "#000000FF","#000000FF","#000000FF","#000000FF","#000000FF",
      "#000000FF"
    ],
    "renderingIntent": "Perceptual",
    "gamma": 0.454545,
    "chromaticity": {
      "redPrimary": {
        "x": 0.64,
        "y": 0.33
      },
      "greenPrimary": {
        "x": 0.3,
        "y": 0.6
      },
      "bluePrimary": {
        "x": 0.15,
        "y": 0.06
      },
      "whitePrimary": {
        "x": 0.3127,
        "y": 0.329
      }
    },
    "matteColor": "#BDBDBD",
    "backgroundColor": "#4C697100",
    "borderColor": "#DFDFDF",
    "transparentColor": "#4C697100",
    "interlace": "None",
    "intensity": "Undefined",
    "compose": "Over",
    "pageGeometry": {
      "width": 1190,
      "height": 675,
      "x": 0,
      "y": 0
    },
    "dispose": "Background",
    "delay": "4x100",
    "iterations": 0,
    "scene": 6,
    "scenes": 102,
    "compression": "LZW",
    "orientation": "Undefined",
    "properties": {
      "date:create": "2024-07-29T07:08:47+00:00",
      "date:modify": "2024-07-29T07:08:47+00:00",
      "signature": "dbd199f687b9233ff34ab82234824ee3bc4e8400ebecce7e0de7db18fa3421b8"
    },
    "tainted": false,
    "filesize": "0B",
    "numberPixels": "803250",
    "pixelsPerSecond": "103154B",
    "userTime": "7.820u",
    "elapsedTime": "0:08.786",
    "version": "ImageMagick 7.0.10-58 Q16 x86_64 2021-01-14 https://imagemagick.org"
  }
},
{
  "version": "1.0",
  "image": {
    "name": "/home/videosdownloader/public_html/image/public/uploadt/Desktop Confetti Blown Up 1(2).gif",
    "baseName": "Desktop Confetti Blown Up 1(2).gif",
    "format": "GIF",
    "formatDescription": "GIF",
    "mimeType": "image/gif",
    "class": "PseudoClass",
    "geometry": {
      "width": 1190,
      "height": 675,
      "x": 0,
      "y": 0
    },
    "units": "Undefined",
    "type": "PaletteAlpha",
    "baseType": "Undefined",
    "endianness": "Undefined",
    "colorspace": "sRGB",
    "depth": 8,
    "baseDepth": 8,
    "channelDepth": {
      "alpha": 1,
      "red": 8,
      "green": 8,
      "blue": 1
    },
    "pixels": 3213000,
    "imageStatistics": {
      "Overall": {
        "min": 0,
        "max": 255,
        "mean": 77.9083,
        "median": 73.5,
        "standardDeviation": 6775.1,
        "kurtosis": 1.12067,
        "skewness": 0.0833046,
        "entropy": 0.0929035
      }
    },
    "channelStatistics": {
      "alpha": {
        "min": 0,
        "max": 255,
        "mean": 8.58635,
        "median": 0,
        "standardDeviation": 11821.4,
        "kurtosis": 24.7331,
        "skewness": 5.1704,
        "entropy": 0.212485
      },
      "red": {
        "min": 76,
        "max": 255,
        "mean": 80.4502,
        "median": 76,
        "standardDeviation": 6492.81,
        "kurtosis": 33.1638,
        "skewness": 5.82351,
        "entropy": 0.0538935
      },
      "green": {
        "min": 103,
        "max": 255,
        "mean": 108.533,
        "median": 105,
        "standardDeviation": 5431.48,
        "kurtosis": 35.4107,
        "skewness": 6.0549,
        "entropy": 0.0546407
      },
      "blue": {
        "min": 86,
        "max": 255,
        "mean": 114.064,
        "median": 113,
        "standardDeviation": 3354.67,
        "kurtosis": 106.831,
        "skewness": 10.2779,
        "entropy": 0.050595
      }
    },
    "alpha": "#4C697100",
    "colormapEntries": 256,
    "colormap": [
      "#4C697100","#D86DFFFF","#E9D78AFF","#AAFF55FF","#FDD969FF",
      "#FF6E6EFF","#C96DFFFF","#FFE287FF","#CBFD60FF","#FEDC80FF",
      "#F97174FF","#FFDC6FFF","#6ED7FFFF","#0D9AFDFF","#68B8C6FF",
      "#FFDD6FFF","#FF9191FF","#8CE5CAFF","#FFD96EFF","#B7A5B1FF",
      "#C470FFFF","#FDDF64FF","#C994DAFF","#72C6FBFF","#FFE687FF",
      "#FFD773FF","#40BFFFFF","#FF6D6DFF","#E8CE71FF","#FFDD85FF",
      "#D3E966FF","#73E8F7FF","#E6EB6CFF","#CA71FFFF","#8BBBFEFF",
      "#FFD873FF","#CFC79CFF","#FFDE85FF","#DD99CAFF","#CD79FBFF",
      "#FF8282FF","#A3EFAAFF","#CA72FFFF","#FFE681FF","#6FDBFFFF",
      "#BAF37EFF","#C6D350FF","#C773FFFF","#CA73FFFF","#D0FF5FFF",
      "#02A8FFFF","#FFD556FF","#A3DDCDFF","#FDC184FF","#FFDA73FF",
      "#FFE085FF","#D097A2FF","#DDF167FF","#018FFFFF","#FFDE8AFF",
      "#D2FB85FF","#71DDFFFF","#73DDFFFF","#FF7373FF","#FFC674FF",
      "#CCFF59FF","#CA75FFFF","#D5DC73FF","#D18DDDFF","#FF8181FF",
      "#73DEFFFF","#55AAFFFF","#FE7473FF","#FF7473FF","#CD71FEFF",
      "#FFD872FF","#BDFF48FF","#71DFFFFF","#A9FF53FF","#FBDC89FF",
      "#DA74E8FF","#E8DF68FF","#7986BFFF","#E4878DFF","#BEE152FF",
      "#C4FF5EFF","#FFDD89FF","#E878A0FF","#FB9A75FF","#0193FFFF",
      "#FF7272FF","#80D3FCFF","#FF7979FF","#ABA772FF","#FBEA86FF",
      "#AF93FFFF","#FFCD6FFF","#E1EA6AFF","#FF8080FF","#FF7372FF",
      "#FFD771FF","#EE8A82FF","#0095FFFF","#C8EF5AFF","#71E3FFFF",
      "#FFD871FF","#FFCB63FF","#FCED7BFF","#0096FFFF","#8ADCE7FF",
      "#D0B8ADFF","#FF6A6AFF","#FFD971FF","#EC8085FF","#CBF761FF",
      "#FF7171FF","#C0EC59FF","#BD7CFFFF","#FDB875FF","#A3E1B0FF",
      "#0097FFFF","#CAF360FF","#64CBFFFF","#FE8976FF","#FFDD88FF",
      "#FF7F7FFF","#AEF292FF","#FFBF60FF","#CDFD62FF","#92CEDEFF",
      "#F1E26DFF","#0098FFFF","#7EE0EDFF","#FFDE88FF","#CCFE62FF",
      "#CDFE62FF","#CEFE62FF","#0099FFFF","#D6FF57FF","#FFDF88FF",
      "#019AFFFF","#C8E088FF","#FF7070FF","#EDA4B3FF","#408CE0FF",
      "#8080FFFF","#CE7FEEFF","#EAB16DFF","#FC7376FF","#CDFC61FF",
      "#FFAA55FF","#F8D97BFF","#FFDB81FF","#D9DB65FF","#947882FF",
      "#FFA876FF","#FFD374FF","#FD6768FF","#FFD986FF","#CDFE61FF",
      "#FF8785FF","#C6FF56FF","#35B4F3FF","#D5D99CFF","#CDFA60FF",
      "#B87D99FF","#9BBCC8FF","#F37A82FF","#CBFF61FF","#CCFF61FF",
      "#F69371FF","#CE6AFFFF","#E7AEA9FF","#FFE28DFF","#61D3FFFF",
      "#C7A6C3FF","#C96BFFFF","#24A9F0FF","#C785EEFF","#000000FF",
      "#FFE371FF","#FFD774FF","#C8D29AFF","#FFCE67FF","#FC8178FF",
      "#FFD56EFF","#000000FF","#000000FF","#000000FF","#000000FF",
      "#000000FF","#000000FF","#000000FF","#000000FF","#000000FF",
      "#000000FF","#000000FF","#000000FF","#000000FF","#000000FF",
      "#000000FF","#000000FF","#000000FF","#000000FF","#000000FF",
      "#000000FF","#000000FF","#000000FF","#000000FF","#000000FF",
      "#000000FF","#000000FF","#000000FF","#000000FF","#000000FF",
      "#000000FF","#000000FF","#000000FF","#000000FF","#000000FF",
      "#000000FF","#000000FF","#000000FF","#000000FF","#000000FF",
      "#000000FF","#000000FF","#000000FF","#000000FF","#000000FF",
      "#000000FF","#000000FF","#000000FF","#000000FF","#000000FF",
      "#000000FF","#000000FF","#000000FF","#000000FF","#000000FF",
      "#000000FF","#000000FF","#000000FF","#000000FF","#000000FF",
      "#000000FF","#000000FF","#000000FF","#000000FF","#000000FF",
      "#000000FF","#000000FF","#000000FF","#000000FF","#000000FF",
      "#000000FF"
    ],
    "renderingIntent": "Perceptual",
    "gamma": 0.454545,
    "chromaticity": {
      "redPrimary": {
        "x": 0.64,
        "y": 0.33
      },
      "greenPrimary": {
        "x": 0.3,
        "y": 0.6
      },
      "bluePrimary": {
        "x": 0.15,
        "y": 0.06
      },
      "whitePrimary": {
        "x": 0.3127,
        "y": 0.329
      }
    },
    "matteColor": "#BDBDBD",
    "backgroundColor": "#4C697100",
    "borderColor": "#DFDFDF",
    "transparentColor": "#4C697100",
    "interlace": "None",
    "intensity": "Undefined",
    "compose": "Over",
    "pageGeometry": {
      "width": 1190,
      "height": 675,
      "x": 0,
      "y": 0
    },
    "dispose": "Background",
    "delay": "3x100",
    "iterations": 0,
    "scene": 7,
    "scenes": 102,
    "compression": "LZW",
    "orientation": "Undefined",
    "properties": {
      "date:create": "2024-07-29T07:08:47+00:00",
      "date:modify": "2024-07-29T07:08:47+00:00",
      "signature": "d7c121bf8bc55ca6314c017368763b06666ab23127c1370db0ac0931de974c8f"
    },
    "tainted": false,
    "filesize": "0B",
    "numberPixels": "803250",
    "pixelsPerSecond": "100575B",
    "userTime": "8.050u",
    "elapsedTime": "0:08.986",
    "version": "ImageMagick 7.0.10-58 Q16 x86_64 2021-01-14 https://imagemagick.org"
  }
},
{
  "version": "1.0",
  "image": {
    "name": "/home/videosdownloader/public_html/image/public/uploadt/Desktop Confetti Blown Up 1(2).gif",
    "baseName": "Desktop Confetti Blown Up 1(2).gif",
    "format": "GIF",
    "formatDescription": "GIF",
    "mimeType": "image/gif",
    "class": "PseudoClass",
    "geometry": {
      "width": 1190,
      "height": 675,
      "x": 0,
      "y": 0
    },
    "units": "Undefined",
    "type": "PaletteAlpha",
    "baseType": "Undefined",
    "endianness": "Undefined",
    "colorspace": "sRGB",
    "depth": 8,
    "baseDepth": 8,
    "channelDepth": {
      "alpha": 1,
      "red": 8,
      "green": 8,
      "blue": 1
    },
    "pixels": 3213000,
    "imageStatistics": {
      "Overall": {
        "min": 0,
        "max": 255,
        "mean": 78.5617,
        "median": 73.5,
        "standardDeviation": 7256.4,
        "kurtosis": 1.22339,
        "skewness": 0.163249,
        "entropy": 0.103728
      }
    },
    "channelStatistics": {
      "alpha": {
        "min": 0,
        "max": 255,
        "mean": 9.84444,
        "median": 0,
        "standardDeviation": 12625.5,
        "kurtosis": 20.943,
        "skewness": 4.78989,
        "entropy": 0.235862
      },
      "red": {
        "min": 76,
        "max": 255,
        "mean": 81.0645,
        "median": 76,
        "standardDeviation": 6901.4,
        "kurtosis": 28.5552,
        "skewness": 5.42543,
        "entropy": 0.0608421
      },
      "green": {
        "min": 105,
        "max": 255,
        "mean": 109.025,
        "median": 105,
        "standardDeviation": 5783.4,
        "kurtosis": 30.481,
        "skewness": 5.64065,
        "entropy": 0.0615303
      },
      "blue": {
        "min": 86,
        "max": 255,
        "mean": 114.313,
        "median": 113,
        "standardDeviation": 3715.25,
        "kurtosis": 86.799,
        "skewness": 9.29965,
        "entropy": 0.056676
      }
    },
    "alpha": "#4C697100",
    "colormapEntries": 256,
    "colormap": [
      "#4C697100","#D86DFFFF","#E9D78AFF","#AAFF55FF","#FDD969FF",
      "#FF6E6EFF","#C96DFFFF","#FFE287FF","#CBFD60FF","#FEDC80FF",
      "#F97174FF","#FFDC6FFF","#6ED7FFFF","#0D9AFDFF","#68B8C6FF",
      "#FFDD6FFF","#FF9191FF","#8CE5CAFF","#FFD96EFF","#B7A5B1FF",
      "#C470FFFF","#FDDF64FF","#C994DAFF","#72C6FBFF","#FFE687FF",
      "#FFD773FF","#40BFFFFF","#FF6D6DFF","#E8CE71FF","#FFDD85FF",
      "#D3E966FF","#73E8F7FF","#E6EB6CFF","#CA71FFFF","#8BBBFEFF",
      "#FFD873FF","#CFC79CFF","#FFDE85FF","#DD99CAFF","#CD79FBFF",
      "#FF8282FF","#A3EFAAFF","#CA72FFFF","#FFE681FF","#6FDBFFFF",
      "#BAF37EFF","#C6D350FF","#C773FFFF","#CA73FFFF","#D0FF5FFF",
      "#02A8FFFF","#FFD556FF","#A3DDCDFF","#FDC184FF","#FFDA73FF",
      "#FFE085FF","#D097A2FF","#DDF167FF","#018FFFFF","#FFDE8AFF",
      "#D2FB85FF","#71DDFFFF","#73DDFFFF","#FF7373FF","#FFC674FF",
      "#CCFF59FF","#CA75FFFF","#D5DC73FF","#D18DDDFF","#FF8181FF",
      "#73DEFFFF","#55AAFFFF","#FE7473FF","#FF7473FF","#CD71FEFF",
      "#FFD872FF","#BDFF48FF","#71DFFFFF","#A9FF53FF","#FBDC89FF",
      "#DA74E8FF","#E8DF68FF","#7986BFFF","#E4878DFF","#BEE152FF",
      "#C4FF5EFF","#FFDD89FF","#E878A0FF","#FB9A75FF","#0193FFFF",
      "#FF7272FF","#80D3FCFF","#FF7979FF","#ABA772FF","#FBEA86FF",
      "#AF93FFFF","#FFCD6FFF","#E1EA6AFF","#FF8080FF","#FF7372FF",
      "#FFD771FF","#EE8A82FF","#0095FFFF","#C8EF5AFF","#71E3FFFF",
      "#FFD871FF","#FFCB63FF","#FCED7BFF","#0096FFFF","#8ADCE7FF",
      "#D0B8ADFF","#FF6A6AFF","#FFD971FF","#EC8085FF","#CBF761FF",
      "#FF7171FF","#C0EC59FF","#BD7CFFFF","#FDB875FF","#A3E1B0FF",
      "#0097FFFF","#CAF360FF","#64CBFFFF","#FE8976FF","#FFDD88FF",
      "#FF7F7FFF","#AEF292FF","#FFBF60FF","#CDFD62FF","#92CEDEFF",
      "#F1E26DFF","#0098FFFF","#7EE0EDFF","#FFDE88FF","#CCFE62FF",
      "#CDFE62FF","#CEFE62FF","#0099FFFF","#D6FF57FF","#FFDF88FF",
      "#019AFFFF","#C8E088FF","#FF7070FF","#EDA4B3FF","#408CE0FF",
      "#8080FFFF","#CE7FEEFF","#EAB16DFF","#FC7376FF","#CDFC61FF",
      "#FFAA55FF","#F8D97BFF","#FFDB81FF","#D9DB65FF","#947882FF",
      "#FFA876FF","#FFD374FF","#FD6768FF","#FFD986FF","#CDFE61FF",
      "#FF8785FF","#C6FF56FF","#35B4F3FF","#D5D99CFF","#CDFA60FF",
      "#B87D99FF","#9BBCC8FF","#F37A82FF","#CBFF61FF","#CCFF61FF",
      "#F69371FF","#CE6AFFFF","#E7AEA9FF","#FFE28DFF","#61D3FFFF",
      "#C7A6C3FF","#C96BFFFF","#24A9F0FF","#C785EEFF","#000000FF",
      "#FFE371FF","#FFD774FF","#C8D29AFF","#FFCE67FF","#FC8178FF",
      "#FFD56EFF","#000000FF","#000000FF","#000000FF","#000000FF",
      "#000000FF","#000000FF","#000000FF","#000000FF","#000000FF",
      "#000000FF","#000000FF","#000000FF","#000000FF","#000000FF",
      "#000000FF","#000000FF","#000000FF","#000000FF","#000000FF",
      "#000000FF","#000000FF","#000000FF","#000000FF","#000000FF",
      "#000000FF","#000000FF","#000000FF","#000000FF","#000000FF",
      "#000000FF","#000000FF","#000000FF","#000000FF","#000000FF",
      "#000000FF","#000000FF","#000000FF","#000000FF","#000000FF",
      "#000000FF","#000000FF","#000000FF","#000000FF","#000000FF",
      "#000000FF","#000000FF","#000000FF","#000000FF","#000000FF",
      "#000000FF","#000000FF","#000000FF","#000000FF","#000000FF",
      "#000000FF","#000000FF","#000000FF","#000000FF","#000000FF",
      "#000000FF","#000000FF","#000000FF","#000000FF","#000000FF",
      "#000000FF","#000000FF","#000000FF","#000000FF","#000000FF",
      "#000000FF"
    ],
    "renderingIntent": "Perceptual",
    "gamma": 0.454545,
    "chromaticity": {
      "redPrimary": {
        "x": 0.64,
        "y": 0.33
      },
      "greenPrimary": {
        "x": 0.3,
        "y": 0.6
      },
      "bluePrimary": {
        "x": 0.15,
        "y": 0.06
      },
      "whitePrimary": {
        "x": 0.3127,
        "y": 0.329
      }
    },
    "matteColor": "#BDBDBD",
    "backgroundColor": "#4C697100",
    "borderColor": "#DFDFDF",
    "transparentColor": "#4C697100",
    "interlace": "None",
    "intensity": "Undefined",
    "compose": "Over",
    "pageGeometry": {
      "width": 1190,
      "height": 675,
      "x": 0,
      "y": 0
    },
    "dispose": "Background",
    "delay": "3x100",
    "iterations": 0,
    "scene": 8,
    "scenes": 102,
    "compression": "LZW",
    "orientation": "Undefined",
    "properties": {
      "date:create": "2024-07-29T07:08:47+00:00",
      "date:modify": "2024-07-29T07:08:47+00:00",
      "signature": "f98b9bd789413c9355c2566208a047c721702038956f46a136d9f81bc2116802"
    },
    "tainted": false,
    "filesize": "0B",
    "numberPixels": "803250",
    "pixelsPerSecond": "97947B",
    "userTime": "8.320u",
    "elapsedTime": "0:09.200",
    "version": "ImageMagick 7.0.10-58 Q16 x86_64 2021-01-14 https://imagemagick.org"
  }
},
{
  "version": "1.0",
  "image": {
    "name": "/home/videosdownloader/public_html/image/public/uploadt/Desktop Confetti Blown Up 1(2).gif",
    "baseName": "Desktop Confetti Blown Up 1(2).gif",
    "format": "GIF",
    "formatDescription": "GIF",
    "mimeType": "image/gif",
    "class": "PseudoClass",
    "geometry": {
      "width": 1190,
      "height": 675,
      "x": 0,
      "y": 0
    },
    "units": "Undefined",
    "type": "PaletteAlpha",
    "baseType": "Undefined",
    "endianness": "Undefined",
    "colorspace": "sRGB",
    "depth": 8,
    "baseDepth": 8,
    "channelDepth": {
      "alpha": 1,
      "red": 8,
      "green": 8,
      "blue": 1
    },
    "pixels": 3213000,
    "imageStatistics": {
      "Overall": {
        "min": 0,
        "max": 255,
        "mean": 79.0796,
        "median": 73.5,
        "standardDeviation": 7614.3,
        "kurtosis": 1.28637,
        "skewness": 0.22029,
        "entropy": 0.111397
      }
    },
    "channelStatistics": {
      "alpha": {
        "min": 0,
        "max": 255,
        "mean": 10.833,
        "median": 0,
        "standardDeviation": 13217.6,
        "kurtosis": 18.5835,
        "skewness": 4.5369,
        "entropy": 0.25356
      },
      "red": {
        "min": 76,
        "max": 255,
        "mean": 81.554,
        "median": 76,
        "standardDeviation": 7222.99,
        "kurtosis": 25.7591,
        "skewness": 5.16983,
        "entropy": 0.0648725
      },
      "green": {
        "min": 105,
        "max": 255,
        "mean": 109.421,
        "median": 105,
        "standardDeviation": 6041.7,
        "kurtosis": 27.1814,
        "skewness": 5.34525,
        "entropy": 0.0662755
      },
      "blue": {
        "min": 86,
        "max": 255,
        "mean": 114.51,
        "median": 113,
        "standardDeviation": 3974.94,
        "kurtosis": 75.6464,
        "skewness": 8.70875,
        "entropy": 0.060881
      }
    },
    "alpha": "#4C697100",
    "colormapEntries": 256,
    "colormap": [
      "#4C697100","#D86DFFFF","#E9D78AFF","#AAFF55FF","#FDD969FF",
      "#FF6E6EFF","#C96DFFFF","#FFE287FF","#CBFD60FF","#FEDC80FF",
      "#F97174FF","#FFDC6FFF","#6ED7FFFF","#0D9AFDFF","#68B8C6FF",
      "#FFDD6FFF","#FF9191FF","#8CE5CAFF","#FFD96EFF","#B7A5B1FF",
      "#C470FFFF","#FDDF64FF","#C994DAFF","#72C6FBFF","#FFE687FF",
      "#FFD773FF","#40BFFFFF","#FF6D6DFF","#E8CE71FF","#FFDD85FF",
      "#D3E966FF","#73E8F7FF","#E6EB6CFF","#CA71FFFF","#8BBBFEFF",
      "#FFD873FF","#CFC79CFF","#FFDE85FF","#DD99CAFF","#CD79FBFF",
      "#FF8282FF","#A3EFAAFF","#CA72FFFF","#FFE681FF","#6FDBFFFF",
      "#BAF37EFF","#C6D350FF","#C773FFFF","#CA73FFFF","#D0FF5FFF",
      "#02A8FFFF","#FFD556FF","#A3DDCDFF","#FDC184FF","#FFDA73FF",
      "#FFE085FF","#D097A2FF","#DDF167FF","#018FFFFF","#FFDE8AFF",
      "#D2FB85FF","#71DDFFFF","#73DDFFFF","#FF7373FF","#FFC674FF",
      "#CCFF59FF","#CA75FFFF","#D5DC73FF","#D18DDDFF","#FF8181FF",
      "#73DEFFFF","#55AAFFFF","#FE7473FF","#FF7473FF","#CD71FEFF",
      "#FFD872FF","#BDFF48FF","#71DFFFFF","#A9FF53FF","#FBDC89FF",
      "#DA74E8FF","#E8DF68FF","#7986BFFF","#E4878DFF","#BEE152FF",
      "#C4FF5EFF","#FFDD89FF","#E878A0FF","#FB9A75FF","#0193FFFF",
      "#FF7272FF","#80D3FCFF","#FF7979FF","#ABA772FF","#FBEA86FF",
      "#AF93FFFF","#FFCD6FFF","#E1EA6AFF","#FF8080FF","#FF7372FF",
      "#FFD771FF","#EE8A82FF","#0095FFFF","#C8EF5AFF","#71E3FFFF",
      "#FFD871FF","#FFCB63FF","#FCED7BFF","#0096FFFF","#8ADCE7FF",
      "#D0B8ADFF","#FF6A6AFF","#FFD971FF","#EC8085FF","#CBF761FF",
      "#FF7171FF","#C0EC59FF","#BD7CFFFF","#FDB875FF","#A3E1B0FF",
      "#0097FFFF","#CAF360FF","#64CBFFFF","#FE8976FF","#FFDD88FF",
      "#FF7F7FFF","#AEF292FF","#FFBF60FF","#CDFD62FF","#92CEDEFF",
      "#F1E26DFF","#0098FFFF","#7EE0EDFF","#FFDE88FF","#CCFE62FF",
      "#CDFE62FF","#CEFE62FF","#0099FFFF","#D6FF57FF","#FFDF88FF",
      "#019AFFFF","#C8E088FF","#FF7070FF","#EDA4B3FF","#408CE0FF",
      "#8080FFFF","#CE7FEEFF","#EAB16DFF","#FC7376FF","#CDFC61FF",
      "#FFAA55FF","#F8D97BFF","#FFDB81FF","#D9DB65FF","#947882FF",
      "#FFA876FF","#FFD374FF","#FD6768FF","#FFD986FF","#CDFE61FF",
      "#FF8785FF","#C6FF56FF","#35B4F3FF","#D5D99CFF","#CDFA60FF",
      "#B87D99FF","#9BBCC8FF","#F37A82FF","#CBFF61FF","#CCFF61FF",
      "#F69371FF","#CE6AFFFF","#E7AEA9FF","#FFE28DFF","#61D3FFFF",
      "#C7A6C3FF","#C96BFFFF","#24A9F0FF","#C785EEFF","#000000FF",
      "#FFE371FF","#FFD774FF","#C8D29AFF","#FFCE67FF","#FC8178FF",
      "#FFD56EFF","#000000FF","#000000FF","#000000FF","#000000FF",
      "#000000FF","#000000FF","#000000FF","#000000FF","#000000FF",
      "#000000FF","#000000FF","#000000FF","#000000FF","#000000FF",
      "#000000FF","#000000FF","#000000FF","#000000FF","#000000FF",
      "#000000FF","#000000FF","#000000FF","#000000FF","#000000FF",
      "#000000FF","#000000FF","#000000FF","#000000FF","#000000FF",
      "#000000FF","#000000FF","#000000FF","#000000FF","#000000FF",
      "#000000FF","#000000FF","#000000FF","#000000FF","#000000FF",
      "#000000FF","#000000FF","#000000FF","#000000FF","#000000FF",
      "#000000FF","#000000FF","#000000FF","#000000FF","#000000FF",
      "#000000FF","#000000FF","#000000FF","#000000FF","#000000FF",
      "#000000FF","#000000FF","#000000FF","#000000FF","#000000FF",
      "#000000FF","#000000FF","#000000FF","#000000FF","#000000FF",
      "#000000FF","#000000FF","#000000FF","#000000FF","#000000FF",
      "#000000FF"
    ],
    "renderingIntent": "Perceptual",
    "gamma": 0.454545,
    "chromaticity": {
      "redPrimary": {
        "x": 0.64,
        "y": 0.33
      },
      "greenPrimary": {
        "x": 0.3,
        "y": 0.6
      },
      "bluePrimary": {
        "x": 0.15,
        "y": 0.06
      },
      "whitePrimary": {
        "x": 0.3127,
        "y": 0.329
      }
    },
    "matteColor": "#BDBDBD",
    "backgroundColor": "#4C697100",
    "borderColor": "#DFDFDF",
    "transparentColor": "#4C697100",
    "interlace": "None",
    "intensity": "Undefined",
    "compose": "Over",
    "pageGeometry": {
      "width": 1190,
      "height": 675,
      "x": 0,
      "y": 0
    },
    "dispose": "Background",
    "delay": "4x100",
    "iterations": 0,
    "scene": 9,
    "scenes": 102,
    "compression": "LZW",
    "orientation": "Undefined",
    "properties": {
      "date:create": "2024-07-29T07:08:47+00:00",
      "date:modify": "2024-07-29T07:08:47+00:00",
      "signature": "e342146f90f2499b771396287ab5a52d6316e7c87ce049948f79f66036508e09"
    },
    "tainted": false,
    "filesize": "0B",
    "numberPixels": "803250",
    "pixelsPerSecond": "94291B",
    "userTime": "8.640u",
    "elapsedTime": "0:09.518",
    "version": "ImageMagick 7.0.10-58 Q16 x86_64 2021-01-14 https://imagemagick.org"
  }
},
{
  "version": "1.0",
  "image": {
    "name": "/home/videosdownloader/public_html/image/public/uploadt/Desktop Confetti Blown Up 1(2).gif",
    "baseName": "Desktop Confetti Blown Up 1(2).gif",
    "format": "GIF",
    "formatDescription": "GIF",
    "mimeType": "image/gif",
    "class": "PseudoClass",
    "geometry": {
      "width": 1190,
      "height": 675,
      "x": 0,
      "y": 0
    },
    "units": "Undefined",
    "type": "PaletteAlpha",
    "baseType": "Undefined",
    "endianness": "Undefined",
    "colorspace": "sRGB",
    "depth": 8,
    "baseDepth": 8,
    "channelDepth": {
      "alpha": 1,
      "red": 8,
      "green": 8,
      "blue": 1
    },
    "pixels": 3213000,
    "imageStatistics": {
      "Overall": {
        "min": 0,
        "max": 255,
        "mean": 79.3624,
        "median": 73.5,
        "standardDeviation": 7802.91,
        "kurtosis": 1.31595,
        "skewness": 0.249603,
        "entropy": 0.115243
      }
    },
    "channelStatistics": {
      "alpha": {
        "min": 0,
        "max": 255,
        "mean": 11.3676,
        "median": 0,
        "standardDeviation": 13524.9,
        "kurtosis": 17.4787,
        "skewness": 4.41347,
        "entropy": 0.262906
      },
      "red": {
        "min": 76,
        "max": 255,
        "mean": 81.831,
        "median": 76,
        "standardDeviation": 7412.65,
        "kurtosis": 24.4783,
        "skewness": 5.04964,
        "entropy": 0.0670874
      },
      "green": {
        "min": 105,
        "max": 255,
        "mean": 109.625,
        "median": 105,
        "standardDeviation": 6160.56,
        "kurtosis": 25.6336,
        "skewness": 5.20045,
        "entropy": 0.0684628
      },
      "blue": {
        "min": 86,
        "max": 255,
        "mean": 114.626,
        "median": 113,
        "standardDeviation": 4113.49,
        "kurtosis": 70.619,
        "skewness": 8.43078,
        "entropy": 0.0625162
      }
    },
    "alpha": "#4C697100",
    "colormapEntries": 256,
    "colormap": [
      "#4C697100","#D86DFFFF","#E9D78AFF","#AAFF55FF","#FDD969FF",
      "#FF6E6EFF","#C96DFFFF","#FFE287FF","#CBFD60FF","#FEDC80FF",
      "#F97174FF","#FFDC6FFF","#6ED7FFFF","#0D9AFDFF","#68B8C6FF",
      "#FFDD6FFF","#FF9191FF","#8CE5CAFF","#FFD96EFF","#B7A5B1FF",
      "#C470FFFF","#FDDF64FF","#C994DAFF","#72C6FBFF","#FFE687FF",
      "#FFD773FF","#40BFFFFF","#FF6D6DFF","#E8CE71FF","#FFDD85FF",
      "#D3E966FF","#73E8F7FF","#E6EB6CFF","#CA71FFFF","#8BBBFEFF",
      "#FFD873FF","#CFC79CFF","#FFDE85FF","#DD99CAFF","#CD79FBFF",
      "#FF8282FF","#A3EFAAFF","#CA72FFFF","#FFE681FF","#6FDBFFFF",
      "#BAF37EFF","#C6D350FF","#C773FFFF","#CA73FFFF","#D0FF5FFF",
      "#02A8FFFF","#FFD556FF","#A3DDCDFF","#FDC184FF","#FFDA73FF",
      "#FFE085FF","#D097A2FF","#DDF167FF","#018FFFFF","#FFDE8AFF",
      "#D2FB85FF","#71DDFFFF","#73DDFFFF","#FF7373FF","#FFC674FF",
      "#CCFF59FF","#CA75FFFF","#D5DC73FF","#D18DDDFF","#FF8181FF",
      "#73DEFFFF","#55AAFFFF","#FE7473FF","#FF7473FF","#CD71FEFF",
      "#FFD872FF","#BDFF48FF","#71DFFFFF","#A9FF53FF","#FBDC89FF",
      "#DA74E8FF","#E8DF68FF","#7986BFFF","#E4878DFF","#BEE152FF",
      "#C4FF5EFF","#FFDD89FF","#E878A0FF","#FB9A75FF","#0193FFFF",
      "#FF7272FF","#80D3FCFF","#FF7979FF","#ABA772FF","#FBEA86FF",
      "#AF93FFFF","#FFCD6FFF","#E1EA6AFF","#FF8080FF","#FF7372FF",
      "#FFD771FF","#EE8A82FF","#0095FFFF","#C8EF5AFF","#71E3FFFF",
      "#FFD871FF","#FFCB63FF","#FCED7BFF","#0096FFFF","#8ADCE7FF",
      "#D0B8ADFF","#FF6A6AFF","#FFD971FF","#EC8085FF","#CBF761FF",
      "#FF7171FF","#C0EC59FF","#BD7CFFFF","#FDB875FF","#A3E1B0FF",
      "#0097FFFF","#CAF360FF","#64CBFFFF","#FE8976FF","#FFDD88FF",
      "#FF7F7FFF","#AEF292FF","#FFBF60FF","#CDFD62FF","#92CEDEFF",
      "#F1E26DFF","#0098FFFF","#7EE0EDFF","#FFDE88FF","#CCFE62FF",
      "#CDFE62FF","#CEFE62FF","#0099FFFF","#D6FF57FF","#FFDF88FF",
      "#019AFFFF","#C8E088FF","#FF7070FF","#EDA4B3FF","#408CE0FF",
      "#8080FFFF","#CE7FEEFF","#EAB16DFF","#FC7376FF","#CDFC61FF",
      "#FFAA55FF","#F8D97BFF","#FFDB81FF","#D9DB65FF","#947882FF",
      "#FFA876FF","#FFD374FF","#FD6768FF","#FFD986FF","#CDFE61FF",
      "#FF8785FF","#C6FF56FF","#35B4F3FF","#D5D99CFF","#CDFA60FF",
      "#B87D99FF","#9BBCC8FF","#F37A82FF","#CBFF61FF","#CCFF61FF",
      "#F69371FF","#CE6AFFFF","#E7AEA9FF","#FFE28DFF","#61D3FFFF",
      "#C7A6C3FF","#C96BFFFF","#24A9F0FF","#C785EEFF","#000000FF",
      "#FFE371FF","#FFD774FF","#C8D29AFF","#FFCE67FF","#FC8178FF",
      "#FFD56EFF","#000000FF","#000000FF","#000000FF","#000000FF",
      "#000000FF","#000000FF","#000000FF","#000000FF","#000000FF",
      "#000000FF","#000000FF","#000000FF","#000000FF","#000000FF",
      "#000000FF","#000000FF","#000000FF","#000000FF","#000000FF",
      "#000000FF","#000000FF","#000000FF","#000000FF","#000000FF",
      "#000000FF","#000000FF","#000000FF","#000000FF","#000000FF",
      "#000000FF","#000000FF","#000000FF","#000000FF","#000000FF",
      "#000000FF","#000000FF","#000000FF","#000000FF","#000000FF",
      "#000000FF","#000000FF","#000000FF","#000000FF","#000000FF",
      "#000000FF","#000000FF","#000000FF","#000000FF","#000000FF",
      "#000000FF","#000000FF","#000000FF","#000000FF","#000000FF",
      "#000000FF","#000000FF","#000000FF","#000000FF","#000000FF",
      "#000000FF","#000000FF","#000000FF","#000000FF","#000000FF",
      "#000000FF","#000000FF","#000000FF","#000000FF","#000000FF",
      "#000000FF"
    ],
    "renderingIntent": "Perceptual",
    "gamma": 0.454545,
    "chromaticity": {
      "redPrimary": {
        "x": 0.64,
        "y": 0.33
      },
      "greenPrimary": {
        "x": 0.3,
        "y": 0.6
      },
      "bluePrimary": {
        "x": 0.15,
        "y": 0.06
      },
      "whitePrimary": {
        "x": 0.3127,
        "y": 0.329
      }
    },
    "matteColor": "#BDBDBD",
    "backgroundColor": "#4C697100",
    "borderColor": "#DFDFDF",
    "transparentColor": "#4C697100",
    "interlace": "None",
    "intensity": "Undefined",
    "compose": "Over",
    "pageGeometry": {
      "width": 1190,
      "height": 675,
      "x": 0,
      "y": 0
    },
    "dispose": "Background",
    "delay": "3x100",
    "iterations": 0,
    "scene": 10,
    "scenes": 102,
    "compression": "LZW",
    "orientation": "Undefined",
    "properties": {
      "date:create": "2024-07-29T07:08:47+00:00",
      "date:modify": "2024-07-29T07:08:47+00:00",
      "signature": "836bc99c143c47e69925011e39aac816fdd91ce65607765d0fb6213e7cf20e04"
    },
    "tainted": false,
    "filesize": "0B",
    "numberPixels": "803250",
    "pixelsPerSecond": "90504B",
    "userTime": "8.990u",
    "elapsedTime": "0:09.875",
    "version": "ImageMagick 7.0.10-58 Q16 x86_64 2021-01-14 https://imagemagick.org"
  }
}